{
 "friedman_chi2": 78.24000000000001,
 "p": 1.0242356026838732e-17,
 "blocks": 50,
 "models": 3
}